Workbook

Sheet Original_Data
A1: store_id | B1: month | C1: region | D1: store_type | E1: marketing_spend | F1: footfall | G1: avg_discount_pct | H1: staff_count | I1: inventory_availability_pct | J1: competitor_distance_km | K1: holiday_flag | L1: customer_rating | M1: monthly_sales | N1: monthly_profit
A2: STR-1001 | B2: 45658 | C2: East | D2: Residential | E2: 70389.11 | F2: 8302 | G2: 0.042 | H2: 17 | I2: 75 | J2: 5.28 | K2: 1 | L2: 3.1 | M2: 658832.62 | N2: 84349.93
A3: STR-1001 | B3: 45689 | C3: East | D3: Residential | E3: 43827.89 | F3: 8487 | G3: 0.168 | H3: 23 | I3: 84.4 | J3: 4.31 | K3: 0 | L3: 2.8 | M3: 634436 | N3: 106130.54
A4: STR-1001 | B4: 45717 | C4: East | D4: Residential | E4: 59921.75 | F4: 9113 | G4: 0.133 | H4: 20 | I4: 88 | J4: 12 | K4: 0 | L4: 3.2 | M4: 678722.06 | N4: 101883.86
A5: STR-1001 | B5: 45748 | C5: East | D5: Residential | E5: 56856.63 | F5: 9431 | G5: 0.142 | H5: 23 | I5: 86.9 | J5: 4.97 | K5: 0 | L5: 3.4 | M5: 658920.3 | N5: 97910.37
A6: STR-1002 | B6: 45658 | C6: East | D6: High Street | E6: 48412.64 | F6: 9545 | G6: 0.231 | H6: 21 | I6: 97.6 | J6: 6.94 | K6: 1 | L6: 4.2 | M6: 741341.44 | N6: 119208.17
A7: STR-1002 | B7: 45689 | C7: East | D7: High Street | E7: 64811.21 | F7: 9792 | G7: 0.112 | H7: 20 | I7: 84.2 | J7: 2.88 | K7: 0 | L7: 4.2 | M7: 761835.34 | N7: 149602.23
A8: STR-1002 | B8: 45717 | C8: East | D8: High Street | E8: 46213.45 | F8: 10616 | G8: 0.122 | H8: 22 | I8: 85.2 | J8: 0.2 | K8: 1 | L8: 4.1 | M8: 806615.54 | N8: 131364.62
A9: STR-1002 | B9: 45748 | C9: East | D9: High Street | E9: 68148.52 | F9: 8567 | G9: 0.127 | H9: 23 | I9: 95.6 | J9: 0.8 | K9: 0 | L9: 3.9 | M9: 850164.26 | N9: 149262.75
A10: STR-1003 | B10: 45658 | C10: North | D10: Airport | E10: 71838.86 | F10: 10979 | G10: 0.215 | H10: 26 | I10: 88.6 | J10: 7.7 | K10: 1 | L10: 3.8 | M10: 930581.7 | N10: 136207.98
A11: STR-1003 | B11: 45689 | C11: North | D11: Airport | E11: 68133.44 | F11: 9459 | G11: 0.22 | H11: 21 | I11: 85 | J11: 1.91 | K11: 0 | L11: 4.2 | M11: 779010.94 | N11: 106328.09
A12: STR-1003 | B12: 45717 | C12: North | D12: Airport | E12: 34285.21 | F12: 9172 | G12: 0.213 | H12: 22 | I12: 88.3 | J12: 10.46 | K12: 1 | L12: 3.8 | M12: 723060.76 | N12: 123131.24
A13: STR-1003 | B13: 45748 | C13: North | D13: Airport | E13: 67979.88 | F13: 11230 | G13: 0.002 | H13: 28 | I13: 85.3 | J13: 7.16 | K13: 0 | L13: 3.8 | M13: 910791.94 | N13: 158891.28
... A321: STR-1080 | B321: 45748 | C321: East | D321: Residential | E321: 40553.11 | F321: 5317 | G321: 0.165 | H321: 17 | I321: 84.3 | J321: 11.82 | K321: 0 | L321: 4.1 | M321: 559660.84 | N321: 71443.61

Sheet Cleaned_Data
A1: store_id | B1: month | C1: region | D1: store_type | E1: marketing_spend | F1: footfall | G1: avg_discount_pct | H1: staff_count | I1: inventory_availability_pct | J1: competitor_distance_km | K1: holiday_flag | L1: customer_rating | M1: monthly_sales | N1: monthly_profit | O1: cleaning_note
A2: STR-1001 | B2: 45658 | C2: East | D2: Residential | E2: 70389.11 | F2: 8302 | G2: 0.042 | H2: 17 | I2: 75 | J2: 5.28 | K2: 1 | L2: 3.1 | M2: 658832.62 | N2: 84349.93 | O2: Numeric blanks, if any, were handled using median values for analysis; original file was not overwritten.
A3: STR-1001 | B3: 45689 | C3: East | D3: Residential | E3: 43827.89 | F3: 8487 | G3: 0.168 | H3: 23 | I3: 84.4 | J3: 4.31 | K3: 0 | L3: 2.8 | M3: 634436 | N3: 106130.54 | O3: Numeric blanks, if any, were handled using median values for analysis; original file was not overwritten.
A4: STR-1001 | B4: 45717 | C4: East | D4: Residential | E4: 59921.75 | F4: 9113 | G4: 0.133 | H4: 20 | I4: 88 | J4: 12 | K4: 0 | L4: 3.2 | M4: 678722.06 | N4: 101883.86 | O4: Numeric blanks, if any, were handled using median values for analysis; original file was not overwritten.
A5: STR-1001 | B5: 45748 | C5: East | D5: Residential | E5: 56856.63 | F5: 9431 | G5: 0.142 | H5: 23 | I5: 86.9 | J5: 4.97 | K5: 0 | L5: 3.4 | M5: 658920.3 | N5: 97910.37 | O5: Numeric blanks, if any, were handled using median values for analysis; original file was not overwritten.
A6: STR-1002 | B6: 45658 | C6: East | D6: High Street | E6: 48412.64 | F6: 9545 | G6: 0.231 | H6: 21 | I6: 97.6 | J6: 6.94 | K6: 1 | L6: 4.2 | M6: 741341.44 | N6: 119208.17 | O6: Numeric blanks, if any, were handled using median values for analysis; original file was not overwritten.
A7: STR-1002 | B7: 45689 | C7: East | D7: High Street | E7: 64811.21 | F7: 9792 | G7: 0.112 | H7: 20 | I7: 84.2 | J7: 2.88 | K7: 0 | L7: 4.2 | M7: 761835.34 | N7: 149602.23 | O7: Numeric blanks, if any, were handled using median values for analysis; original file was not overwritten.
A8: STR-1002 | B8: 45717 | C8: East | D8: High Street | E8: 46213.45 | F8: 10616 | G8: 0.122 | H8: 22 | I8: 85.2 | J8: 0.2 | K8: 1 | L8: 4.1 | M8: 806615.54 | N8: 131364.62 | O8: Numeric blanks, if any, were handled using median values for analysis; original file was not overwritten.
A9: STR-1002 | B9: 45748 | C9: East | D9: High Street | E9: 68148.52 | F9: 8567 | G9: 0.127 | H9: 23 | I9: 95.6 | J9: 0.8 | K9: 0 | L9: 3.9 | M9: 850164.26 | N9: 149262.75 | O9: Numeric blanks, if any, were handled using median values for analysis; original file was not overwritten.
A10: STR-1003 | B10: 45658 | C10: North | D10: Airport | E10: 71838.86 | F10: 10979 | G10: 0.215 | H10: 26 | I10: 88.6 | J10: 7.7 | K10: 1 | L10: 3.8 | M10: 930581.7 | N10: 136207.98 | O10: Numeric blanks, if any, were handled using median values for analysis; original file was not overwritten.
A11: STR-1003 | B11: 45689 | C11: North | D11: Airport | E11: 68133.44 | F11: 9459 | G11: 0.22 | H11: 21 | I11: 85 | J11: 1.91 | K11: 0 | L11: 4.2 | M11: 779010.94 | N11: 106328.09 | O11: Numeric blanks, if any, were handled using median values for analysis; original file was not overwritten.
A12: STR-1003 | B12: 45717 | C12: North | D12: Airport | E12: 34285.21 | F12: 9172 | G12: 0.213 | H12: 22 | I12: 88.3 | J12: 10.46 | K12: 1 | L12: 3.8 | M12: 723060.76 | N12: 123131.24 | O12: Numeric blanks, if any, were handled using median values for analysis; original file was not overwritten.
A13: STR-1003 | B13: 45748 | C13: North | D13: Airport | E13: 67979.88 | F13: 11230 | G13: 0.002 | H13: 28 | I13: 85.3 | J13: 7.16 | K13: 0 | L13: 3.8 | M13: 910791.94 | N13: 158891.28 | O13: Numeric blanks, if any, were handled using median values for analysis; original file was not overwritten.
... A321: STR-1080 | B321: 45748 | C321: East | D321: Residential | E321: 40553.11 | F321: 5317 | G321: 0.165 | H321: 17 | I321: 84.3 | J321: 11.82 | K321: 0 | L321: 4.1 | M321: 559660.84 | N321: 71443.61 | O321: Numeric blanks, if any, were handled using median values for analysis; original file was not overwritten.

Sheet Dummy_Variables
A1: store_id | B1: month | C1: region | D1: store_type | E1: marketing_spend | F1: footfall | G1: avg_discount_pct | H1: staff_count | I1: inventory_availability_pct | J1: competitor_distance_km | K1: holiday_flag | L1: customer_rating | M1: monthly_sales | N1: monthly_profit | O1: region_North | P1: region_South | Q1: region_West | R1: store_type_Airport | S1: store_type_High_Street | T1: store_type_Mall
A2: STR-1001 | B2: 45658 | C2: East | D2: Residential | E2: 70389.11 | F2: 8302 | G2: 0.042 | H2: 17 | I2: 75 | J2: 5.28 | K2: 1 | L2: 3.1 | M2: 658832.62 | N2: 84349.93 | O2: =IF(C2="North",1,0) -> 0 | P2: =IF(C2="South",1,0) -> 0 | Q2: =IF(C2="West",1,0) -> 0 | R2: =IF(D2="Airport",1,0) -> 0 | S2: =IF(D2="High Street",1,0) -> 0 | T2: =IF(D2="Mall",1,0) -> 0
A3: STR-1001 | B3: 45689 | C3: East | D3: Residential | E3: 43827.89 | F3: 8487 | G3: 0.168 | H3: 23 | I3: 84.4 | J3: 4.31 | K3: 0 | L3: 2.8 | M3: 634436 | N3: 106130.54 | O3: =IF(C3="North",1,0) -> 0 | P3: =IF(C3="South",1,0) -> 0 | Q3: =IF(C3="West",1,0) -> 0 | R3: =IF(D3="Airport",1,0) -> 0 | S3: =IF(D3="High Street",1,0) -> 0 | T3: =IF(D3="Mall",1,0) -> 0
A4: STR-1001 | B4: 45717 | C4: East | D4: Residential | E4: 59921.75 | F4: 9113 | G4: 0.133 | H4: 20 | I4: 88 | J4: 12 | K4: 0 | L4: 3.2 | M4: 678722.06 | N4: 101883.86 | O4: =IF(C4="North",1,0) -> 0 | P4: =IF(C4="South",1,0) -> 0 | Q4: =IF(C4="West",1,0) -> 0 | R4: =IF(D4="Airport",1,0) -> 0 | S4: =IF(D4="High Street",1,0) -> 0 | T4: =IF(D4="Mall",1,0) -> 0
A5: STR-1001 | B5: 45748 | C5: East | D5: Residential | E5: 56856.63 | F5: 9431 | G5: 0.142 | H5: 23 | I5: 86.9 | J5: 4.97 | K5: 0 | L5: 3.4 | M5: 658920.3 | N5: 97910.37 | O5: =IF(C5="North",1,0) -> 0 | P5: =IF(C5="South",1,0) -> 0 | Q5: =IF(C5="West",1,0) -> 0 | R5: =IF(D5="Airport",1,0) -> 0 | S5: =IF(D5="High Street",1,0) -> 0 | T5: =IF(D5="Mall",1,0) -> 0
A6: STR-1002 | B6: 45658 | C6: East | D6: High Street | E6: 48412.64 | F6: 9545 | G6: 0.231 | H6: 21 | I6: 97.6 | J6: 6.94 | K6: 1 | L6: 4.2 | M6: 741341.44 | N6: 119208.17 | O6: =IF(C6="North",1,0) -> 0 | P6: =IF(C6="South",1,0) -> 0 | Q6: =IF(C6="West",1,0) -> 0 | R6: =IF(D6="Airport",1,0) -> 0 | S6: =IF(D6="High Street",1,0) -> 1 | T6: =IF(D6="Mall",1,0) -> 0
A7: STR-1002 | B7: 45689 | C7: East | D7: High Street | E7: 64811.21 | F7: 9792 | G7: 0.112 | H7: 20 | I7: 84.2 | J7: 2.88 | K7: 0 | L7: 4.2 | M7: 761835.34 | N7: 149602.23 | O7: =IF(C7="North",1,0) -> 0 | P7: =IF(C7="South",1,0) -> 0 | Q7: =IF(C7="West",1,0) -> 0 | R7: =IF(D7="Airport",1,0) -> 0 | S7: =IF(D7="High Street",1,0) -> 1 | T7: =IF(D7="Mall",1,0) -> 0
A8: STR-1002 | B8: 45717 | C8: East | D8: High Street | E8: 46213.45 | F8: 10616 | G8: 0.122 | H8: 22 | I8: 85.2 | J8: 0.2 | K8: 1 | L8: 4.1 | M8: 806615.54 | N8: 131364.62 | O8: =IF(C8="North",1,0) -> 0 | P8: =IF(C8="South",1,0) -> 0 | Q8: =IF(C8="West",1,0) -> 0 | R8: =IF(D8="Airport",1,0) -> 0 | S8: =IF(D8="High Street",1,0) -> 1 | T8: =IF(D8="Mall",1,0) -> 0
A9: STR-1002 | B9: 45748 | C9: East | D9: High Street | E9: 68148.52 | F9: 8567 | G9: 0.127 | H9: 23 | I9: 95.6 | J9: 0.8 | K9: 0 | L9: 3.9 | M9: 850164.26 | N9: 149262.75 | O9: =IF(C9="North",1,0) -> 0 | P9: =IF(C9="South",1,0) -> 0 | Q9: =IF(C9="West",1,0) -> 0 | R9: =IF(D9="Airport",1,0) -> 0 | S9: =IF(D9="High Street",1,0) -> 1 | T9: =IF(D9="Mall",1,0) -> 0
A10: STR-1003 | B10: 45658 | C10: North | D10: Airport | E10: 71838.86 | F10: 10979 | G10: 0.215 | H10: 26 | I10: 88.6 | J10: 7.7 | K10: 1 | L10: 3.8 | M10: 930581.7 | N10: 136207.98 | O10: =IF(C10="North",1,0) -> 1 | P10: =IF(C10="South",1,0) -> 0 | Q10: =IF(C10="West",1,0) -> 0 | R10: =IF(D10="Airport",1,0) -> 1 | S10: =IF(D10="High Street",1,0) -> 0 | T10: =IF(D10="Mall",1,0) -> 0
A11: STR-1003 | B11: 45689 | C11: North | D11: Airport | E11: 68133.44 | F11: 9459 | G11: 0.22 | H11: 21 | I11: 85 | J11: 1.91 | K11: 0 | L11: 4.2 | M11: 779010.94 | N11: 106328.09 | O11: =IF(C11="North",1,0) -> 1 | P11: =IF(C11="South",1,0) -> 0 | Q11: =IF(C11="West",1,0) -> 0 | R11: =IF(D11="Airport",1,0) -> 1 | S11: =IF(D11="High Street",1,0) -> 0 | T11: =IF(D11="Mall",1,0) -> 0
A12: STR-1003 | B12: 45717 | C12: North | D12: Airport | E12: 34285.21 | F12: 9172 | G12: 0.213 | H12: 22 | I12: 88.3 | J12: 10.46 | K12: 1 | L12: 3.8 | M12: 723060.76 | N12: 123131.24 | O12: =IF(C12="North",1,0) -> 1 | P12: =IF(C12="South",1,0) -> 0 | Q12: =IF(C12="West",1,0) -> 0 | R12: =IF(D12="Airport",1,0) -> 1 | S12: =IF(D12="High Street",1,0) -> 0 | T12: =IF(D12="Mall",1,0) -> 0
A13: STR-1003 | B13: 45748 | C13: North | D13: Airport | E13: 67979.88 | F13: 11230 | G13: 0.002 | H13: 28 | I13: 85.3 | J13: 7.16 | K13: 0 | L13: 3.8 | M13: 910791.94 | N13: 158891.28 | O13: =IF(C13="North",1,0) -> 1 | P13: =IF(C13="South",1,0) -> 0 | Q13: =IF(C13="West",1,0) -> 0 | R13: =IF(D13="Airport",1,0) -> 1 | S13: =IF(D13="High Street",1,0) -> 0 | T13: =IF(D13="Mall",1,0) -> 0
... A321: STR-1080 | B321: 45748 | C321: East | D321: Residential | E321: 40553.11 | F321: 5317 | G321: 0.165 | H321: 17 | I321: 84.3 | J321: 11.82 | K321: 0 | L321: 4.1 | M321: 559660.84 | N321: 71443.61 | O321: =IF(C321="North",1,0) -> 0 | P321: =IF(C321="South",1,0) -> 0 | Q321: =IF(C321="West",1,0) -> 0 | R321: =IF(D321="Airport",1,0) -> 0 | S321: =IF(D321="High Street",1,0) -> 0 | T321: =IF(D321="Mall",1,0) -> 0

Sheet Simple_Model_1
A1: Simple Regression Model 1: Monthly Sales vs Marketing Spend
A3: Dependent Variable | B3: monthly_sales | G3: Business Interpretation | H3: Marketing spend has a positive relationship with monthly sales. However, by itself it explains only part of the sales variation.
A4: Independent Variable | B4: marketing_spend | G4: Usefulness Rule | H4: p-value below 0.05 means the variable is statistically useful in this dataset.
A5: Observations | B5: 320 | G5: Direction | H5: Positive coefficient means sales increase as this factor increases.
A6: R-squared | B6: 0.16724469 | G6: Screenshot | H6: Capture this sheet as screenshots/simple_regression_output.png
A7: Adjusted R-squared | B7: 0.16462596 | G7: Formula Used | H7: Regression coefficients are calculated using OLS; residual = actual - predicted.
A8: RMSE | B8: 94846.034
A9: Model Equation | B9: monthly_sales = 560777.35 + (2.1296 × marketing_spend)
A12: Variable | B12: Coefficient | C12: Std. Error | D12: t Stat | E12: P-value
A13: Intercept | B13: 560777.35 | C13: 15906.906 | D13: 35.253703 | E13: 0
A14: marketing_spend | B14: 2.1295753 | C14: 0.26647838 | D14: 7.9915501 | E14: 2.4868996e-14

Sheet Simple_Model_2
A1: Simple Regression Model 2: Monthly Sales vs Footfall
A3: Dependent Variable | B3: monthly_sales | G3: Business Interpretation | H3: Footfall has a strong positive relationship with monthly sales. Higher customer traffic is strongly associated with higher sales.
A4: Independent Variable | B4: footfall | G4: Usefulness Rule | H4: p-value below 0.05 means the variable is statistically useful in this dataset.
A5: Observations | B5: 320 | G5: Direction | H5: Positive coefficient means sales increase as this factor increases.
A6: R-squared | B6: 0.73628534 | G6: Screenshot | H6: Capture this sheet as screenshots/optional_simple_model_2.png
A7: Adjusted R-squared | B7: 0.73545605 | G7: Formula Used | H7: Regression coefficients are calculated using OLS; residual = actual - predicted.
A8: RMSE | B8: 53373.736
A9: Model Equation | B9: monthly_sales = 446410.58 + (35.6780 × footfall)
A12: Variable | B12: Coefficient | C12: Std. Error | D12: t Stat | E12: P-value
A13: Intercept | B13: 446410.58 | C13: 8407.7383 | D13: 53.095205 | E13: 0
A14: footfall | B14: 35.678031 | C14: 1.1973783 | D14: 29.796791 | E14: 0

Sheet Multiple_Model
A1: Multiple Regression Model: Monthly Sales Drivers
A3: Dependent Variable | B3: monthly_sales | G3: Reference Categories | H3: Region reference = East; Store Type reference = Residential
A4: Predictors Used | B4: marketing_spend, footfall, avg_discount_pct, inventory_availability_pct, customer_rating, staff_count, holiday_flag, competitor_distance_km, region_North, region_South, region_West, store_type_Airport, store_type_High_Street, store_type_Mall | G4: Strong Drivers | H4: Footfall, marketing spend, inventory availability, customer rating, staff count, competitor distance, store type and some regions.
A5: Observations | B5: 320 | G5: Weak Variable | H5: avg_discount_pct has a weaker p-value and should not be over-interpreted.
A6: R-squared | B6: 0.85698739 | G6: Interpretation | H6: Each coefficient estimates change in monthly_sales when that variable increases by 1 unit, holding other variables constant.
A7: Adjusted R-squared | B7: 0.85042287 | G7: Screenshot | H7: Capture this sheet as screenshots/multiple_regression_output.png
A8: RMSE | B8: 40133.893 | G8: Dummy Rule | H8: Do not include all categories together. One category is left out as reference to avoid redundancy.
A9: Final Model Selected | B9: Yes - this model has the best explanatory power and includes numerical + dummy variables. | G9: Business Meaning | H9: The model helps leadership decide where to focus, but it shows association, not guaranteed causation.
G10: Formula Used | H10: Predicted sales = intercept + sum(coefficient × variable).
A12: Variable | B12: Coefficient | C12: Std. Error | D12: t Stat | E12: P-value
A13: Intercept | B13: 41624.05 | C13: 45275.268 | D13: 0.91935513 | E13: 0.35863636
A14: marketing_spend | B14: 1.2099285 | C14: 0.11693921 | D14: 10.346645 | E14: 0
A15: footfall | B15: 27.336195 | C15: 2.3063597 | D15: 11.852529 | E15: 0
A16: avg_discount_pct | B16: -41243.149 | C16: 33875.971 | D16: -1.217475 | E16: 0.22436463
A17: inventory_availability_pct | B17: 3062.2103 | C17: 426.10271 | D17: 7.1865544 | E17: 5.1341154e-12
A18: customer_rating | B18: 12509.461 | C18: 4448.8856 | D18: 2.8118191 | E18: 0.0052453969
A19: staff_count | B19: 3508.3992 | C19: 1161.8068 | D19: 3.0197784 | E19: 0.0027434138
A20: holiday_flag | B20: 15157.287 | C20: 6127.8092 | D20: 2.4735247 | E20: 0.013923164
A21: competitor_distance_km | B21: -3438.1079 | C21: 540.28004 | D21: -6.3635664 | E21: 7.2150952e-10
A22: region_North | B22: 9948.7136 | C22: 6567.2743 | D22: 1.5148923 | E22: 0.13083529
A23: region_South | B23: 21089.566 | C23: 6630.0869 | D23: 3.1808883 | E23: 0.0016193793
A24: region_West | B24: 25291.419 | C24: 5898.7976 | D24: 4.287555 | E24: 2.4264745e-05
... A27: store_type_Mall | B27: 32832.854 | C27: 6158.3725 | D27: 5.3314172 | E27: 1.8999741e-07

Sheet Predictions_Residuals
A1: store_id | B1: month | C1: region | D1: store_type | E1: actual_monthly_sales | F1: predicted_sales | G1: residual | H1: absolute_residual | I1: residual_direction | K1: Residual Analysis Helper Tables
A2: STR-1001 | B2: 45658 | C2: East | D2: Residential | E2: 658832.62 | F2: =Multiple_Model!$B$13+Multiple_Model!$B$14*Dummy_Variables!E2+Multiple_Model!$B$15*Dummy_Variables!F2+Multiple_Model!$B$16*Dummy_Variables!G2+Multiple_Model!$B$17*Dummy_Variables!I2+Multiple_Model!$B$18*Dummy_Variables!L2+Multiple_Model!$B$19*Dummy_Variables!H2+Multiple_Model!$B$20*Dummy_Variables!K2+Multiple_Model!$B$21*Dummy_Variables!J2+Multiple_Model!$B$22*Dummy_Variables!O2+Multiple_Model!$B$23*Dummy_Variables!P2+Multiple_Model!$B$24*Dummy_Variables!Q2+Multiple_Model!$B$25*Dummy_Variables!R2+Multiple_Model!$B$26*Dummy_Variables!S2+Multiple_Model!$B$27*Dummy_Variables!T2 -> 677094.68 | G2: =E2-F2 -> -18262.062 | H2: =ABS(G2) -> 18262.062 | I2: =IF(G2>0,"Under-predicted","Over-predicted") -> Over-predicted
A3: STR-1001 | B3: 45689 | C3: East | D3: Residential | E3: 634436 | F3: =Multiple_Model!$B$13+Multiple_Model!$B$14*Dummy_Variables!E3+Multiple_Model!$B$15*Dummy_Variables!F3+Multiple_Model!$B$16*Dummy_Variables!G3+Multiple_Model!$B$17*Dummy_Variables!I3+Multiple_Model!$B$18*Dummy_Variables!L3+Multiple_Model!$B$19*Dummy_Variables!H3+Multiple_Model!$B$20*Dummy_Variables!K3+Multiple_Model!$B$21*Dummy_Variables!J3+Multiple_Model!$B$22*Dummy_Variables!O3+Multiple_Model!$B$23*Dummy_Variables!P3+Multiple_Model!$B$24*Dummy_Variables!Q3+Multiple_Model!$B$25*Dummy_Variables!R3+Multiple_Model!$B$26*Dummy_Variables!S3+Multiple_Model!$B$27*Dummy_Variables!T3 -> 679078.07 | G3: =E3-F3 -> -44642.075 | H3: =ABS(G3) -> 44642.075 | I3: =IF(G3>0,"Under-predicted","Over-predicted") -> Over-predicted | K3: Largest Positive Residuals | L3: Month | M3: Region | N3: Actual | O3: Residual
A4: STR-1001 | B4: 45717 | C4: East | D4: Residential | E4: 678722.06 | F4: =Multiple_Model!$B$13+Multiple_Model!$B$14*Dummy_Variables!E4+Multiple_Model!$B$15*Dummy_Variables!F4+Multiple_Model!$B$16*Dummy_Variables!G4+Multiple_Model!$B$17*Dummy_Variables!I4+Multiple_Model!$B$18*Dummy_Variables!L4+Multiple_Model!$B$19*Dummy_Variables!H4+Multiple_Model!$B$20*Dummy_Variables!K4+Multiple_Model!$B$21*Dummy_Variables!J4+Multiple_Model!$B$22*Dummy_Variables!O4+Multiple_Model!$B$23*Dummy_Variables!P4+Multiple_Model!$B$24*Dummy_Variables!Q4+Multiple_Model!$B$25*Dummy_Variables!R4+Multiple_Model!$B$26*Dummy_Variables!S4+Multiple_Model!$B$27*Dummy_Variables!T4 -> 696169.96 | G4: =E4-F4 -> -17447.897 | H4: =ABS(G4) -> 17447.897 | I4: =IF(G4>0,"Under-predicted","Over-predicted") -> Over-predicted | K4: STR-1058 | L4: 45689 | M4: East | N4: 870937.4 | O4: 111017.46
A5: STR-1001 | B5: 45748 | C5: East | D5: Residential | E5: 658920.3 | F5: =Multiple_Model!$B$13+Multiple_Model!$B$14*Dummy_Variables!E5+Multiple_Model!$B$15*Dummy_Variables!F5+Multiple_Model!$B$16*Dummy_Variables!G5+Multiple_Model!$B$17*Dummy_Variables!I5+Multiple_Model!$B$18*Dummy_Variables!L5+Multiple_Model!$B$19*Dummy_Variables!H5+Multiple_Model!$B$20*Dummy_Variables!K5+Multiple_Model!$B$21*Dummy_Variables!J5+Multiple_Model!$B$22*Dummy_Variables!O5+Multiple_Model!$B$23*Dummy_Variables!P5+Multiple_Model!$B$24*Dummy_Variables!Q5+Multiple_Model!$B$25*Dummy_Variables!R5+Multiple_Model!$B$26*Dummy_Variables!S5+Multiple_Model!$B$27*Dummy_Variables!T5 -> 734611.66 | G5: =E5-F5 -> -75691.359 | H5: =ABS(G5) -> 75691.359 | I5: =IF(G5>0,"Under-predicted","Over-predicted") -> Over-predicted | K5: STR-1028 | L5: 45748 | M5: East | N5: 713611.16 | O5: 103079.21
A6: STR-1002 | B6: 45658 | C6: East | D6: High Street | E6: 741341.44 | F6: =Multiple_Model!$B$13+Multiple_Model!$B$14*Dummy_Variables!E6+Multiple_Model!$B$15*Dummy_Variables!F6+Multiple_Model!$B$16*Dummy_Variables!G6+Multiple_Model!$B$17*Dummy_Variables!I6+Multiple_Model!$B$18*Dummy_Variables!L6+Multiple_Model!$B$19*Dummy_Variables!H6+Multiple_Model!$B$20*Dummy_Variables!K6+Multiple_Model!$B$21*Dummy_Variables!J6+Multiple_Model!$B$22*Dummy_Variables!O6+Multiple_Model!$B$23*Dummy_Variables!P6+Multiple_Model!$B$24*Dummy_Variables!Q6+Multiple_Model!$B$25*Dummy_Variables!R6+Multiple_Model!$B$26*Dummy_Variables!S6+Multiple_Model!$B$27*Dummy_Variables!T6 -> 788200.62 | G6: =E6-F6 -> -46859.176 | H6: =ABS(G6) -> 46859.176 | I6: =IF(G6>0,"Under-predicted","Over-predicted") -> Over-predicted | K6: STR-1073 | L6: 45717 | M6: East | N6: 813316.71 | O6: 91900.79
A7: STR-1002 | B7: 45689 | C7: East | D7: High Street | E7: 761835.34 | F7: =Multiple_Model!$B$13+Multiple_Model!$B$14*Dummy_Variables!E7+Multiple_Model!$B$15*Dummy_Variables!F7+Multiple_Model!$B$16*Dummy_Variables!G7+Multiple_Model!$B$17*Dummy_Variables!I7+Multiple_Model!$B$18*Dummy_Variables!L7+Multiple_Model!$B$19*Dummy_Variables!H7+Multiple_Model!$B$20*Dummy_Variables!K7+Multiple_Model!$B$21*Dummy_Variables!J7+Multiple_Model!$B$22*Dummy_Variables!O7+Multiple_Model!$B$23*Dummy_Variables!P7+Multiple_Model!$B$24*Dummy_Variables!Q7+Multiple_Model!$B$25*Dummy_Variables!R7+Multiple_Model!$B$26*Dummy_Variables!S7+Multiple_Model!$B$27*Dummy_Variables!T7 -> 773961.1 | G7: =E7-F7 -> -12125.762 | H7: =ABS(G7) -> 12125.762 | I7: =IF(G7>0,"Under-predicted","Over-predicted") -> Over-predicted | K7: STR-1051 | L7: 45689 | M7: East | N7: 787715.51 | O7: 86334.173
A8: STR-1002 | B8: 45717 | C8: East | D8: High Street | E8: 806615.54 | F8: =Multiple_Model!$B$13+Multiple_Model!$B$14*Dummy_Variables!E8+Multiple_Model!$B$15*Dummy_Variables!F8+Multiple_Model!$B$16*Dummy_Variables!G8+Multiple_Model!$B$17*Dummy_Variables!I8+Multiple_Model!$B$18*Dummy_Variables!L8+Multiple_Model!$B$19*Dummy_Variables!H8+Multiple_Model!$B$20*Dummy_Variables!K8+Multiple_Model!$B$21*Dummy_Variables!J8+Multiple_Model!$B$22*Dummy_Variables!O8+Multiple_Model!$B$23*Dummy_Variables!P8+Multiple_Model!$B$24*Dummy_Variables!Q8+Multiple_Model!$B$25*Dummy_Variables!R8+Multiple_Model!$B$26*Dummy_Variables!S8+Multiple_Model!$B$27*Dummy_Variables!T8 -> 806771.21 | G8: =E8-F8 -> -155.67394 | H8: =ABS(G8) -> 155.67394 | I8: =IF(G8>0,"Under-predicted","Over-predicted") -> Over-predicted | K8: STR-1026 | L8: 45748 | M8: East | N8: 625514.04 | O8: 85279.419
A9: STR-1002 | B9: 45748 | C9: East | D9: High Street | E9: 850164.26 | F9: =Multiple_Model!$B$13+Multiple_Model!$B$14*Dummy_Variables!E9+Multiple_Model!$B$15*Dummy_Variables!F9+Multiple_Model!$B$16*Dummy_Variables!G9+Multiple_Model!$B$17*Dummy_Variables!I9+Multiple_Model!$B$18*Dummy_Variables!L9+Multiple_Model!$B$19*Dummy_Variables!H9+Multiple_Model!$B$20*Dummy_Variables!K9+Multiple_Model!$B$21*Dummy_Variables!J9+Multiple_Model!$B$22*Dummy_Variables!O9+Multiple_Model!$B$23*Dummy_Variables!P9+Multiple_Model!$B$24*Dummy_Variables!Q9+Multiple_Model!$B$25*Dummy_Variables!R9+Multiple_Model!$B$26*Dummy_Variables!S9+Multiple_Model!$B$27*Dummy_Variables!T9 -> 792726.34 | G9: =E9-F9 -> 57437.917 | H9: =ABS(G9) -> 57437.917 | I9: =IF(G9>0,"Under-predicted","Over-predicted") -> Under-predicted
A10: STR-1003 | B10: 45658 | C10: North | D10: Airport | E10: 930581.7 | F10: =Multiple_Model!$B$13+Multiple_Model!$B$14*Dummy_Variables!E10+Multiple_Model!$B$15*Dummy_Variables!F10+Multiple_Model!$B$16*Dummy_Variables!G10+Multiple_Model!$B$17*Dummy_Variables!I10+Multiple_Model!$B$18*Dummy_Variables!L10+Multiple_Model!$B$19*Dummy_Variables!H10+Multiple_Model!$B$20*Dummy_Variables!K10+Multiple_Model!$B$21*Dummy_Variables!J10+Multiple_Model!$B$22*Dummy_Variables!O10+Multiple_Model!$B$23*Dummy_Variables!P10+Multiple_Model!$B$24*Dummy_Variables!Q10+Multiple_Model!$B$25*Dummy_Variables!R10+Multiple_Model!$B$26*Dummy_Variables!S10+Multiple_Model!$B$27*Dummy_Variables!T10 -> 873194.57 | G10: =E10-F10 -> 57387.133 | H10: =ABS(G10) -> 57387.133 | I10: =IF(G10>0,"Under-predicted","Over-predicted") -> Under-predicted | K10: Largest Negative Residuals | L10: Month | M10: Region | N10: Actual | O10: Residual
A11: STR-1003 | B11: 45689 | C11: North | D11: Airport | E11: 779010.94 | F11: =Multiple_Model!$B$13+Multiple_Model!$B$14*Dummy_Variables!E11+Multiple_Model!$B$15*Dummy_Variables!F11+Multiple_Model!$B$16*Dummy_Variables!G11+Multiple_Model!$B$17*Dummy_Variables!I11+Multiple_Model!$B$18*Dummy_Variables!L11+Multiple_Model!$B$19*Dummy_Variables!H11+Multiple_Model!$B$20*Dummy_Variables!K11+Multiple_Model!$B$21*Dummy_Variables!J11+Multiple_Model!$B$22*Dummy_Variables!O11+Multiple_Model!$B$23*Dummy_Variables!P11+Multiple_Model!$B$24*Dummy_Variables!Q11+Multiple_Model!$B$25*Dummy_Variables!R11+Multiple_Model!$B$26*Dummy_Variables!S11+Multiple_Model!$B$27*Dummy_Variables!T11 -> 808141.23 | G11: =E11-F11 -> -29130.291 | H11: =ABS(G11) -> 29130.291 | I11: =IF(G11>0,"Under-predicted","Over-predicted") -> Over-predicted | K11: STR-1023 | L11: 45689 | M11: South | N11: 627171.9 | O11: -136866.81
A12: STR-1003 | B12: 45717 | C12: North | D12: Airport | E12: 723060.76 | F12: =Multiple_Model!$B$13+Multiple_Model!$B$14*Dummy_Variables!E12+Multiple_Model!$B$15*Dummy_Variables!F12+Multiple_Model!$B$16*Dummy_Variables!G12+Multiple_Model!$B$17*Dummy_Variables!I12+Multiple_Model!$B$18*Dummy_Variables!L12+Multiple_Model!$B$19*Dummy_Variables!H12+Multiple_Model!$B$20*Dummy_Variables!K12+Multiple_Model!$B$21*Dummy_Variables!J12+Multiple_Model!$B$22*Dummy_Variables!O12+Multiple_Model!$B$23*Dummy_Variables!P12+Multiple_Model!$B$24*Dummy_Variables!Q12+Multiple_Model!$B$25*Dummy_Variables!R12+Multiple_Model!$B$26*Dummy_Variables!S12+Multiple_Model!$B$27*Dummy_Variables!T12 -> 754001.88 | G12: =E12-F12 -> -30941.12 | H12: =ABS(G12) -> 30941.12 | I12: =IF(G12>0,"Under-predicted","Over-predicted") -> Over-predicted | K12: STR-1017 | L12: 45717 | M12: West | N12: 685379.08 | O12: -119900.77
A13: STR-1003 | B13: 45748 | C13: North | D13: Airport | E13: 910791.94 | F13: =Multiple_Model!$B$13+Multiple_Model!$B$14*Dummy_Variables!E13+Multiple_Model!$B$15*Dummy_Variables!F13+Multiple_Model!$B$16*Dummy_Variables!G13+Multiple_Model!$B$17*Dummy_Variables!I13+Multiple_Model!$B$18*Dummy_Variables!L13+Multiple_Model!$B$19*Dummy_Variables!H13+Multiple_Model!$B$20*Dummy_Variables!K13+Multiple_Model!$B$21*Dummy_Variables!J13+Multiple_Model!$B$22*Dummy_Variables!O13+Multiple_Model!$B$23*Dummy_Variables!P13+Multiple_Model!$B$24*Dummy_Variables!Q13+Multiple_Model!$B$25*Dummy_Variables!R13+Multiple_Model!$B$26*Dummy_Variables!S13+Multiple_Model!$B$27*Dummy_Variables!T13 -> 867782.45 | G13: =E13-F13 -> 43009.492 | H13: =ABS(G13) -> 43009.492 | I13: =IF(G13>0,"Under-predicted","Over-predicted") -> Under-predicted | K13: STR-1012 | L13: 45658 | M13: West | N13: 595467.6 | O13: -114446.18
A14: STR-1004 | B14: 45658 | C14: East | D14: Residential | E14: 922168.6 | F14: =Multiple_Model!$B$13+Multiple_Model!$B$14*Dummy_Variables!E14+Multiple_Model!$B$15*Dummy_Variables!F14+Multiple_Model!$B$16*Dummy_Variables!G14+Multiple_Model!$B$17*Dummy_Variables!I14+Multiple_Model!$B$18*Dummy_Variables!L14+Multiple_Model!$B$19*Dummy_Variables!H14+Multiple_Model!$B$20*Dummy_Variables!K14+Multiple_Model!$B$21*Dummy_Variables!J14+Multiple_Model!$B$22*Dummy_Variables!O14+Multiple_Model!$B$23*Dummy_Variables!P14+Multiple_Model!$B$24*Dummy_Variables!Q14+Multiple_Model!$B$25*Dummy_Variables!R14+Multiple_Model!$B$26*Dummy_Variables!S14+Multiple_Model!$B$27*Dummy_Variables!T14 -> 881520.79 | G14: =E14-F14 -> 40647.806 | H14: =ABS(G14) -> 40647.806 | I14: =IF(G14>0,"Under-predicted","Over-predicted") -> Under-predicted | K14: STR-1007 | L14: 45689 | M14: West | N14: 800451.94 | O14: -111892.93
A15: STR-1004 | B15: 45689 | C15: East | D15: Residential | E15: 726606.28 | F15: =Multiple_Model!$B$13+Multiple_Model!$B$14*Dummy_Variables!E15+Multiple_Model!$B$15*Dummy_Variables!F15+Multiple_Model!$B$16*Dummy_Variables!G15+Multiple_Model!$B$17*Dummy_Variables!I15+Multiple_Model!$B$18*Dummy_Variables!L15+Multiple_Model!$B$19*Dummy_Variables!H15+Multiple_Model!$B$20*Dummy_Variables!K15+Multiple_Model!$B$21*Dummy_Variables!J15+Multiple_Model!$B$22*Dummy_Variables!O15+Multiple_Model!$B$23*Dummy_Variables!P15+Multiple_Model!$B$24*Dummy_Variables!Q15+Multiple_Model!$B$25*Dummy_Variables!R15+Multiple_Model!$B$26*Dummy_Variables!S15+Multiple_Model!$B$27*Dummy_Variables!T15 -> 772183.54 | G15: =E15-F15 -> -45577.263 | H15: =ABS(G15) -> 45577.263 | I15: =IF(G15>0,"Under-predicted","Over-predicted") -> Over-predicted | K15: STR-1060 | L15: 45658 | M15: West | N15: 721079.35 | O15: -86942.359
A16: STR-1004 | B16: 45717 | C16: East | D16: Residential | E16: 746501.09 | F16: =Multiple_Model!$B$13+Multiple_Model!$B$14*Dummy_Variables!E16+Multiple_Model!$B$15*Dummy_Variables!F16+Multiple_Model!$B$16*Dummy_Variables!G16+Multiple_Model!$B$17*Dummy_Variables!I16+Multiple_Model!$B$18*Dummy_Variables!L16+Multiple_Model!$B$19*Dummy_Variables!H16+Multiple_Model!$B$20*Dummy_Variables!K16+Multiple_Model!$B$21*Dummy_Variables!J16+Multiple_Model!$B$22*Dummy_Variables!O16+Multiple_Model!$B$23*Dummy_Variables!P16+Multiple_Model!$B$24*Dummy_Variables!Q16+Multiple_Model!$B$25*Dummy_Variables!R16+Multiple_Model!$B$26*Dummy_Variables!S16+Multiple_Model!$B$27*Dummy_Variables!T16 -> 753342.14 | G16: =E16-F16 -> -6841.0467 | H16: =ABS(G16) -> 6841.0467 | I16: =IF(G16>0,"Under-predicted","Over-predicted") -> Over-predicted
A17: STR-1004 | B17: 45748 | C17: East | D17: Residential | E17: 834017.02 | F17: =Multiple_Model!$B$13+Multiple_Model!$B$14*Dummy_Variables!E17+Multiple_Model!$B$15*Dummy_Variables!F17+Multiple_Model!$B$16*Dummy_Variables!G17+Multiple_Model!$B$17*Dummy_Variables!I17+Multiple_Model!$B$18*Dummy_Variables!L17+Multiple_Model!$B$19*Dummy_Variables!H17+Multiple_Model!$B$20*Dummy_Variables!K17+Multiple_Model!$B$21*Dummy_Variables!J17+Multiple_Model!$B$22*Dummy_Variables!O17+Multiple_Model!$B$23*Dummy_Variables!P17+Multiple_Model!$B$24*Dummy_Variables!Q17+Multiple_Model!$B$25*Dummy_Variables!R17+Multiple_Model!$B$26*Dummy_Variables!S17+Multiple_Model!$B$27*Dummy_Variables!T17 -> 808780.83 | G17: =E17-F17 -> 25236.195 | H17: =ABS(G17) -> 25236.195 | I17: =IF(G17>0,"Under-predicted","Over-predicted") -> Under-predicted
A18: STR-1005 | B18: 45658 | C18: South | D18: Residential | E18: 666152.52 | F18: =Multiple_Model!$B$13+Multiple_Model!$B$14*Dummy_Variables!E18+Multiple_Model!$B$15*Dummy_Variables!F18+Multiple_Model!$B$16*Dummy_Variables!G18+Multiple_Model!$B$17*Dummy_Variables!I18+Multiple_Model!$B$18*Dummy_Variables!L18+Multiple_Model!$B$19*Dummy_Variables!H18+Multiple_Model!$B$20*Dummy_Variables!K18+Multiple_Model!$B$21*Dummy_Variables!J18+Multiple_Model!$B$22*Dummy_Variables!O18+Multiple_Model!$B$23*Dummy_Variables!P18+Multiple_Model!$B$24*Dummy_Variables!Q18+Multiple_Model!$B$25*Dummy_Variables!R18+Multiple_Model!$B$26*Dummy_Variables!S18+Multiple_Model!$B$27*Dummy_Variables!T18 -> 677740.89 | G18: =E18-F18 -> -11588.368 | H18: =ABS(G18) -> 11588.368 | I18: =IF(G18>0,"Under-predicted","Over-predicted") -> Over-predicted
A19: STR-1005 | B19: 45689 | C19: South | D19: Residential | E19: 573155.19 | F19: =Multiple_Model!$B$13+Multiple_Model!$B$14*Dummy_Variables!E19+Multiple_Model!$B$15*Dummy_Variables!F19+Multiple_Model!$B$16*Dummy_Variables!G19+Multiple_Model!$B$17*Dummy_Variables!I19+Multiple_Model!$B$18*Dummy_Variables!L19+Multiple_Model!$B$19*Dummy_Variables!H19+Multiple_Model!$B$20*Dummy_Variables!K19+Multiple_Model!$B$21*Dummy_Variables!J19+Multiple_Model!$B$22*Dummy_Variables!O19+Multiple_Model!$B$23*Dummy_Variables!P19+Multiple_Model!$B$24*Dummy_Variables!Q19+Multiple_Model!$B$25*Dummy_Variables!R19+Multiple_Model!$B$26*Dummy_Variables!S19+Multiple_Model!$B$27*Dummy_Variables!T19 -> 576940.77 | G19: =E19-F19 -> -3785.5826 | H19: =ABS(G19) -> 3785.5826 | I19: =IF(G19>0,"Under-predicted","Over-predicted") -> Over-predicted
A20: STR-1005 | B20: 45717 | C20: South | D20: Residential | E20: 666573.2 | F20: =Multiple_Model!$B$13+Multiple_Model!$B$14*Dummy_Variables!E20+Multiple_Model!$B$15*Dummy_Variables!F20+Multiple_Model!$B$16*Dummy_Variables!G20+Multiple_Model!$B$17*Dummy_Variables!I20+Multiple_Model!$B$18*Dummy_Variables!L20+Multiple_Model!$B$19*Dummy_Variables!H20+Multiple_Model!$B$20*Dummy_Variables!K20+Multiple_Model!$B$21*Dummy_Variables!J20+Multiple_Model!$B$22*Dummy_Variables!O20+Multiple_Model!$B$23*Dummy_Variables!P20+Multiple_Model!$B$24*Dummy_Variables!Q20+Multiple_Model!$B$25*Dummy_Variables!R20+Multiple_Model!$B$26*Dummy_Variables!S20+Multiple_Model!$B$27*Dummy_Variables!T20 -> 698360.73 | G20: =E20-F20 -> -31787.534 | H20: =ABS(G20) -> 31787.534 | I20: =IF(G20>0,"Under-predicted","Over-predicted") -> Over-predicted
A21: STR-1005 | B21: 45748 | C21: South | D21: Residential | E21: 591619.95 | F21: =Multiple_Model!$B$13+Multiple_Model!$B$14*Dummy_Variables!E21+Multiple_Model!$B$15*Dummy_Variables!F21+Multiple_Model!$B$16*Dummy_Variables!G21+Multiple_Model!$B$17*Dummy_Variables!I21+Multiple_Model!$B$18*Dummy_Variables!L21+Multiple_Model!$B$19*Dummy_Variables!H21+Multiple_Model!$B$20*Dummy_Variables!K21+Multiple_Model!$B$21*Dummy_Variables!J21+Multiple_Model!$B$22*Dummy_Variables!O21+Multiple_Model!$B$23*Dummy_Variables!P21+Multiple_Model!$B$24*Dummy_Variables!Q21+Multiple_Model!$B$25*Dummy_Variables!R21+Multiple_Model!$B$26*Dummy_Variables!S21+Multiple_Model!$B$27*Dummy_Variables!T21 -> 614175.9 | G21: =E21-F21 -> -22555.954 | H21: =ABS(G21) -> 22555.954 | I21: =IF(G21>0,"Under-predicted","Over-predicted") -> Over-predicted
A22: STR-1006 | B22: 45658 | C22: North | D22: Residential | E22: 415721.82 | F22: =Multiple_Model!$B$13+Multiple_Model!$B$14*Dummy_Variables!E22+Multiple_Model!$B$15*Dummy_Variables!F22+Multiple_Model!$B$16*Dummy_Variables!G22+Multiple_Model!$B$17*Dummy_Variables!I22+Multiple_Model!$B$18*Dummy_Variables!L22+Multiple_Model!$B$19*Dummy_Variables!H22+Multiple_Model!$B$20*Dummy_Variables!K22+Multiple_Model!$B$21*Dummy_Variables!J22+Multiple_Model!$B$22*Dummy_Variables!O22+Multiple_Model!$B$23*Dummy_Variables!P22+Multiple_Model!$B$24*Dummy_Variables!Q22+Multiple_Model!$B$25*Dummy_Variables!R22+Multiple_Model!$B$26*Dummy_Variables!S22+Multiple_Model!$B$27*Dummy_Variables!T22 -> 485820.75 | G22: =E22-F22 -> -70098.927 | H22: =ABS(G22) -> 70098.927 | I22: =IF(G22>0,"Under-predicted","Over-predicted") -> Over-predicted
A23: STR-1006 | B23: 45689 | C23: North | D23: Residential | E23: 491905.13 | F23: =Multiple_Model!$B$13+Multiple_Model!$B$14*Dummy_Variables!E23+Multiple_Model!$B$15*Dummy_Variables!F23+Multiple_Model!$B$16*Dummy_Variables!G23+Multiple_Model!$B$17*Dummy_Variables!I23+Multiple_Model!$B$18*Dummy_Variables!L23+Multiple_Model!$B$19*Dummy_Variables!H23+Multiple_Model!$B$20*Dummy_Variables!K23+Multiple_Model!$B$21*Dummy_Variables!J23+Multiple_Model!$B$22*Dummy_Variables!O23+Multiple_Model!$B$23*Dummy_Variables!P23+Multiple_Model!$B$24*Dummy_Variables!Q23+Multiple_Model!$B$25*Dummy_Variables!R23+Multiple_Model!$B$26*Dummy_Variables!S23+Multiple_Model!$B$27*Dummy_Variables!T23 -> 503781.98 | G23: =E23-F23 -> -11876.845 | H23: =ABS(G23) -> 11876.845 | I23: =IF(G23>0,"Under-predicted","Over-predicted") -> Over-predicted
A24: STR-1006 | B24: 45717 | C24: North | D24: Residential | E24: 555929.4 | F24: =Multiple_Model!$B$13+Multiple_Model!$B$14*Dummy_Variables!E24+Multiple_Model!$B$15*Dummy_Variables!F24+Multiple_Model!$B$16*Dummy_Variables!G24+Multiple_Model!$B$17*Dummy_Variables!I24+Multiple_Model!$B$18*Dummy_Variables!L24+Multiple_Model!$B$19*Dummy_Variables!H24+Multiple_Model!$B$20*Dummy_Variables!K24+Multiple_Model!$B$21*Dummy_Variables!J24+Multiple_Model!$B$22*Dummy_Variables!O24+Multiple_Model!$B$23*Dummy_Variables!P24+Multiple_Model!$B$24*Dummy_Variables!Q24+Multiple_Model!$B$25*Dummy_Variables!R24+Multiple_Model!$B$26*Dummy_Variables!S24+Multiple_Model!$B$27*Dummy_Variables!T24 -> 551949.2 | G24: =E24-F24 -> 3980.1975 | H24: =ABS(G24) -> 3980.1975 | I24: =IF(G24>0,"Under-predicted","Over-predicted") -> Under-predicted
A25: STR-1006 | B25: 45748 | C25: North | D25: Residential | E25: 565810.99 | F25: =Multiple_Model!$B$13+Multiple_Model!$B$14*Dummy_Variables!E25+Multiple_Model!$B$15*Dummy_Variables!F25+Multiple_Model!$B$16*Dummy_Variables!G25+Multiple_Model!$B$17*Dummy_Variables!I25+Multiple_Model!$B$18*Dummy_Variables!L25+Multiple_Model!$B$19*Dummy_Variables!H25+Multiple_Model!$B$20*Dummy_Variables!K25+Multiple_Model!$B$21*Dummy_Variables!J25+Multiple_Model!$B$22*Dummy_Variables!O25+Multiple_Model!$B$23*Dummy_Variables!P25+Multiple_Model!$B$24*Dummy_Variables!Q25+Multiple_Model!$B$25*Dummy_Variables!R25+Multiple_Model!$B$26*Dummy_Variables!S25+Multiple_Model!$B$27*Dummy_Variables!T25 -> 566778.16 | G25: =E25-F25 -> -967.17114 | H25: =ABS(G25) -> 967.17114 | I25: =IF(G25>0,"Under-predicted","Over-predicted") -> Over-predicted
A26: STR-1007 | B26: 45658 | C26: West | D26: Mall | E26: 811771.14 | F26: =Multiple_Model!$B$13+Multiple_Model!$B$14*Dummy_Variables!E26+Multiple_Model!$B$15*Dummy_Variables!F26+Multiple_Model!$B$16*Dummy_Variables!G26+Multiple_Model!$B$17*Dummy_Variables!I26+Multiple_Model!$B$18*Dummy_Variables!L26+Multiple_Model!$B$19*Dummy_Variables!H26+Multiple_Model!$B$20*Dummy_Variables!K26+Multiple_Model!$B$21*Dummy_Variables!J26+Multiple_Model!$B$22*Dummy_Variables!O26+Multiple_Model!$B$23*Dummy_Variables!P26+Multiple_Model!$B$24*Dummy_Variables!Q26+Multiple_Model!$B$25*Dummy_Variables!R26+Multiple_Model!$B$26*Dummy_Variables!S26+Multiple_Model!$B$27*Dummy_Variables!T26 -> 855398.7 | G26: =E26-F26 -> -43627.555 | H26: =ABS(G26) -> 43627.555 | I26: =IF(G26>0,"Under-predicted","Over-predicted") -> Over-predicted
A27: STR-1007 | B27: 45689 | C27: West | D27: Mall | E27: 800451.94 | F27: =Multiple_Model!$B$13+Multiple_Model!$B$14*Dummy_Variables!E27+Multiple_Model!$B$15*Dummy_Variables!F27+Multiple_Model!$B$16*Dummy_Variables!G27+Multiple_Model!$B$17*Dummy_Variables!I27+Multiple_Model!$B$18*Dummy_Variables!L27+Multiple_Model!$B$19*Dummy_Variables!H27+Multiple_Model!$B$20*Dummy_Variables!K27+Multiple_Model!$B$21*Dummy_Variables!J27+Multiple_Model!$B$22*Dummy_Variables!O27+Multiple_Model!$B$23*Dummy_Variables!P27+Multiple_Model!$B$24*Dummy_Variables!Q27+Multiple_Model!$B$25*Dummy_Variables!R27+Multiple_Model!$B$26*Dummy_Variables!S27+Multiple_Model!$B$27*Dummy_Variables!T27 -> 912344.87 | G27: =E27-F27 -> -111892.93 | H27: =ABS(G27) -> 111892.93 | I27: =IF(G27>0,"Under-predicted","Over-predicted") -> Over-predicted
... A321: STR-1080 | B321: 45748 | C321: East | D321: Residential | E321: 559660.84 | F321: =Multiple_Model!$B$13+Multiple_Model!$B$14*Dummy_Variables!E321+Multiple_Model!$B$15*Dummy_Variables!F321+Multiple_Model!$B$16*Dummy_Variables!G321+Multiple_Model!$B$17*Dummy_Variables!I321+Multiple_Model!$B$18*Dummy_Variables!L321+Multiple_Model!$B$19*Dummy_Variables!H321+Multiple_Model!$B$20*Dummy_Variables!K321+Multiple_Model!$B$21*Dummy_Variables!J321+Multiple_Model!$B$22*Dummy_Variables!O321+Multiple_Model!$B$23*Dummy_Variables!P321+Multiple_Model!$B$24*Dummy_Variables!Q321+Multiple_Model!$B$25*Dummy_Variables!R321+Multiple_Model!$B$26*Dummy_Variables!S321+Multiple_Model!$B$27*Dummy_Variables!T321 -> 557669.31 | G321: =E321-F321 -> 1991.5298 | H321: =ABS(G321) -> 1991.5298 | I321: =IF(G321>0,"Under-predicted","Over-predicted") -> Under-predicted

Sheet Model_Comparison
A1: Model Comparison Summary
A3: Model Name | B3: Dependent Variable | C3: Independent Variables | D3: R-squared | E3: Adjusted R-squared | F3: Key Significant Variables | G3: Business Usefulness | H3: Limitation
A4: Simple Model 1 | B4: monthly_sales | C4: marketing_spend | D4: 0.16724469 | E4: 0.16462596 | F4: marketing_spend | G4: Shows marketing-sales association | H4: Explains limited variation by itself
A5: Simple Model 2 | B5: monthly_sales | C5: footfall | D5: 0.73628534 | E5: 0.73545605 | F5: footfall | G5: Strong traffic-sales model | H5: Ignores other drivers
A6: Multiple Model | B6: monthly_sales | C6: marketing_spend, footfall, avg_discount_pct, inventory_availability_pct, customer_rating, staff_count, holiday_flag, competitor_distance_km, region_North, region_South, region_West, store_type_Airport, store_type_High_Street, store_type_Mall | D6: 0.85698739 | E6: 0.85042287 | F6: footfall, marketing, inventory, rating, staff, competitor distance, store type dummies | G6: Best final model for business decision-making | H6: Association only; not proof of causation

Sheet Data_Dictionary
A1: Column | B1: Description
A2: store_id | B2: Unique store identifier.
A3: month | B3: Reporting month.
A4: region | B4: Business region.
A5: store_type | B5: Mall, High Street, Residential, or Airport.
A6: marketing_spend | B6: Monthly marketing spend for the store.
A7: footfall | B7: Monthly visitor count.
A8: avg_discount_pct | B8: Average discount percentage for the month.
A9: staff_count | B9: Number of store staff.
A10: inventory_availability_pct | B10: Average product availability percentage.
A11: competitor_distance_km | B11: Distance to nearest competitor.
A12: holiday_flag | B12: 1 if the month/store period had a meaningful holiday effect; otherwise 0.
... A15: monthly_profit | B15: Optional secondary business metric.
